[
    {
        "id": 1994,
        "user_id": 4274,
        "title": "Rerum sordeo pauci demergo thalassinus succurro depulso absorbeo qui et.",
        "body": "Conqueror beatae et. Victoria calamitas cuppedia. Defluo quia aestas. Pel facere sed. Quam soleo tribuo. Vulgo clamo agnosco. Non animus umquam. Paens deporto apostolus. Possimus arcesso colloco. Aetas cursim tenus. Credo laborum condico. Rerum deorsum bis. Cultellus supplanto dignissimos. Cometes appello deleniti. Tardus vilis abscido. Ancilla pariatur condico. Auctor amiculum conatus. Bestia aufero pauci."
    },
    {
        "id": 1993,
        "user_id": 4271,
        "title": "Tergeo ubi somnus et a crapula tam.",
        "body": "Succurro voluptatem thermae. Clibanus vallum thesis. Tribuo impedit bos. Candidus derideo color. Umerus stillicidium demulceo. Cattus maxime aptus. Similique accusator valde. Depraedor viriliter desparatus. Defigo accusator solum. Nostrum vestrum vis. Solitudo tabernus solum. Quam fugiat et. Pauci subvenio verbera. Cito ultio color. Depraedor aeternus ceno. Cogito theca atrox. Aureus nam volaticus. Sumo turpe utrimque."
    },
    {
        "id": 1992,
        "user_id": 4268,
        "title": "Magnam nobis alii articulus trado aro cumque desolo eaque canonicus velit.",
        "body": "Cattus vicissitudo capto. Trepide temptatio talus. Libero ver defaeco. Ipsum vomito aeger. Voluntarius curatio voluptas. Accendo vicinus acer. Cognatus debitis fugiat. Colo amplexus taedium. Vomer conservo cognomen. Voluptatem acidus urbs. Bestia pariatur custodia. Dolores quam ubi. Carus vinco vero. In eaque voluptate. Spes verus depulso. Capio adeo basium. Autem decipio summa."
    },
    {
        "id": 1991,
        "user_id": 4267,
        "title": "Atrocitas clarus capitulus cubicularis adduco quas stella id tersus architecto.",
        "body": "Coruscus auditor vir. Armo caste valetudo. Pectus defendo non. Tergeo uxor sint. Ulterius spargo cerno. Alveus cunabula urbanus. Utor consectetur tabesco. Truculenter degusto quas. Volutabrum unus usitas. Virga depono spiculum. Adflicto temeritas ipsa. Viriliter amoveo dapifer. Atrocitas vallum aegrus. Ab ullus reprehenderit. Tergo chirographum vitiosus. Aptus pauper unde."
    },
    {
        "id": 1990,
        "user_id": 4265,
        "title": "Appositus considero quibusdam sint coepi adhuc consuasor adduco ipsam ager arbor depereo colo cruciamentum.",
        "body": "Audentia pariatur iste. Tribuo abutor maiores. Inventore esse ab. Necessitatibus demum aqua. Absens sperno deputo. Depopulo nemo casus. Advoco consectetur desolo. Sol abstergo colligo. Modi cupressus repellendus. Praesentium validus maiores. Stipes minus ter. Vinculum atrox socius. Tendo quibusdam conscendo. Baiulus aranea minus. Alii provident capitulus. Caput inventore cras. Civitas condico enim. Voluptatibus trans cinis. Capitulus demum auxilium."
    },
    {
        "id": 1989,
        "user_id": 4264,
        "title": "Itaque adsuesco pecus thema demoror adsum paens audentia tutamen vultuosus sit tracto patior terra tumultus curso vetus spiritus.",
        "body": "Astrum casso ex. Termes verto decretum. Tertius deprimo creta. Quis cornu arx. Vetus odio sopor. Eius vomito depulso. Depulso placeat explicabo. Vinco argentum amo. Conservo colloco totidem. Capio compono sursum. Thema vapulus sponte. Enim careo bestia. Cuppedia verecundia facere. Acquiro voluptatem aliquam. Coaegresco venustas paulatim. Odio aer tenetur. Adultus victus molestias. Et dolor vero. Coepi thymbra cohors."
    },
    {
        "id": 1988,
        "user_id": 4258,
        "title": "Ventito eum qui decens tener aliqua ventosus vallum usque succedo consequatur.",
        "body": "Aiunt ulterius vulticulus. Defendo truculenter sophismata. Qui solio aveho. Tersus calcar coniuratio. Vix patria audeo. Aptus porro cupiditas. Ademptio ceno atrocitas. Templum audacia vere. Taceo advenio cinis. Talis accusantium somniculosus. Repellendus quibusdam dolorum. Illo animi umerus. Earum amiculum adicio. Pariatur deporto aliqua. Coma vox inflammatio. Uberrime civitas damnatio. Tertius atavus arbitro. Aut avoco candidus. Velut et corona."
    },
    {
        "id": 1987,
        "user_id": 4256,
        "title": "Nulla curso dignissimos constans pauper tempora timor audentia aveho.",
        "body": "Vicissitudo cultura ea. Carcer eius ut. Id supra venio. Et distinctio curriculum. Quaerat aut vulgus. Subiungo cavus solutio. Pecco audax non. Denuo collum suasoria. Tandem subseco repellendus. Celer possimus et. Aequus quaerat depopulo. Omnis testimonium eos. Valens tabesco tredecim. Aestus aut acsi. Turpis stabilis depopulo. Vorax tamquam accusantium. Creta comitatus vespillo. Eveniet thermae aveho. Curia amaritudo deduco. Argumentum patrocinor coma."
    },
    {
        "id": 1986,
        "user_id": 4253,
        "title": "Et candidus constans cognatus vereor fuga consequuntur est coaegresco patruus ascisco stillicidium porro debitis accedo astrum testimonium.",
        "body": "Sunt harum animus. Arcesso soluta degusto. Accendo traho vehemens. Totam depraedor vinum. Id animadverto illo. Varius administratio callide. Aureus conturbo averto. Annus eum tutis. Numquam comparo trepide. Somniculosus vulariter decretum. Auris agnitio soluta. Ara terga causa. Correptius perspiciatis deficio. Ascisco curis saepe. Vindico incidunt claustrum."
    },
    {
        "id": 1985,
        "user_id": 4250,
        "title": "Tabernus corpus basium summisse vereor arbustum non approbo consuasor ambitus coadunatio veniam asper vis comminor convoco.",
        "body": "Suffoco desparatus varietas. Vinculum facilis turpis. Solvo summopere ustulo. Cibo dolorem talio. Ipsam stella sit. Cerno curis trucido. Uxor alo votum. Amplexus victus currus. Dolor causa ustulo. Impedit explicabo clamo. Teres voluptatem trans. Sopor amicitia votum. Barba autem astrum. Ducimus defessus demum. Stips antiquus ocer. Quis cursim soleo. Ut asper et. Comparo utique tabula."
    }
]